Captured At,Search Term,Job ID,Job Title,Company Name,Company Size,Company Industry,Location,Job Link,Poster Name,Poster Link,ICP Score,ICP Match Reasons,Raw Snippet
2026-03-04 14:47:12.795433,CTO,4379497740,"CTO (10+ experience) (Part-time, Equity only - No pay until funding)",PD Consultin,2-10,Unknown,Consultin,https://www.linkedin.com/jobs/view/4379497740,Unknown,Unknown,70,"Role keyword in title: cto | Role keyword in description: cto | Industry keyword matched: saas, technology","About the job
Chief Technology Officer (CTO) – Equity Based

Domain: Wellness-Focused Food & Integrated Health Ecosystem

Engagement: Equity-Only (No Salary Until Funding)

Commitment: Core Leadership Role

Location: Remote (India Preferred)

About The Venture

We are building a scalable ecosystem at the intersection of:

Healthcare & Wellness Systems 
Food Innovation & Meal Solutions 
Consumer Tech Platforms 
Data-Driven Behavior Change 

The vision is to integrate structured wellness architecture with food systems and technology — building measurable, outcome-driven products rather than just content or commerce.

We are currently validating offline and MVP models and preparing for tech-layer development and structured fundraising.

Role Overview

We are looking for a CTO with 10+ years of experience in building startups and leading tech ecosystems end-to-end.

This is not a maintenance CTO role.

This is a 0 → 1 → Scale technology leadership role.

You will architect, build, and scale the complete tech backbone across healthcare, wellness, food operations, user apps, dashboards, and data systems.

Key Responsibilities 1️⃣ Technology Vision & Architecture

Define ove...[TRUNCATED]"
2026-03-04 14:47:37.753512,CTO,4378635646,Presales Director,Serigor In,51-200,"Serigor provides IT Services and IT staffing to Government and Commercial enterprises of all sizes. Serigor has twelve years of proven track record in IT Services, Government Solutions, and Staffing Solutions.",rigor In,https://www.linkedin.com/jobs/view/4378635646,Unknown,Unknown,70,"Role keyword in title: cto | Role keyword in description: cto | Industry keyword matched: technology, it services","About the job
Job Title: Director, Capture & Proposals – US Federal Market
Location: Gurugram (Onsite—Highly Preferred/Remote)
Job Type: Full Time

About Us: 
At Serigor Inc, a leading provider of IT services and IT staffing solutions, we specialize in delivering innovative and scalable technology solutions to the U.S. federal government. As a growing Women-Owned Small Business (WOSB), CMMI L3, we leverage our diverse team to support critical missions across various government agencies. Our commitment to quality, customer satisfaction, and continuous improvement drives our success as we expand our federal presence.

Job Summary
We are seeking a senior Capture & Proposal Director to drive growth across the US Federal market by leading opportunity capture strategy and hands-on proposal execution. This hybrid leadership role blends pipeline development, win strategy, and full lifecycle proposal management. The ideal candidate is both a strategic capture leader and a hands-on proposal writer who can translate customer intelligence into compliant, compelling, and winning submissions.
This role owns opportunities from early qualification through submission and award.

Key R...[TRUNCATED]"
